round,guess_word,best_next_word,no_of_possibilities
0,,48-32=16,17723
1,48-32=16 00000101,7*95=665,11
2,48-32=16 00000101;7*95=665 10111101,675/75=9,1
2,48-32=16 00000101;7*95=665 10111111,665/95=7,1
2,48-32=16 00000101;7*95=665 10201100,679/97=7,1
2,48-32=16 00000101;7*95=665 11102200,97*7=679,1
2,48-32=16 00000101;7*95=665 11112101,95*6=570,1
2,48-32=16 00000101;7*95=665 11112222,95*7=665,1
2,48-32=16 00000101;7*95=665 12122202,9*75=675,1
2,48-32=16 00000101;7*95=665 12222101,6*95=570,1
2,48-32=16 00000101;7*95=665 21112202,75*9=675,1
2,48-32=16 00000101;7*95=665 22202200,7*97=679,1
2,48-32=16 00000101;7*95=665 22222222,7*95=665,1
1,48-32=16 00000102,6*96=576,4
2,48-32=16 00000102;6*96=576 00101212,570/95=6,1
2,48-32=16 00000102;6*96=576 10111112,576/96=6,1
2,48-32=16 00000102;6*96=576 11122222,96*6=576,1
2,48-32=16 00000102;6*96=576 22222222,6*96=576,1
1,48-32=16 00000112,7+99=106,4
2,48-32=16 00000112;7+99=106 11112222,99+7=106,1
2,48-32=16 00000112;7+99=106 11122222,97+9=106,1
2,48-32=16 00000112;7+99=106 12212222,9+97=106,1
2,48-32=16 00000112;7+99=106 22222222,7+99=106,1
1,48-32=16 00000120,17*7=119,4
2,48-32=16 00000120;17*7=119 11112021,9*79=711,1
2,48-32=16 00000120;17*7=119 11122222,7*17=119,1
2,48-32=16 00000120;17*7=119 11212021,79*9=711,1
2,48-32=16 00000120;17*7=119 22222222,17*7=119,1
1,48-32=16 00000200,1-9+15=7,10
2,48-32=16 00000200;1-9+15=7 00110011,7+7*9=70,1
2,48-32=16 00000200;1-9+15=7 00110110,5+5*9=50,1
2,48-32=16 00000200;1-9+15=7 00120011,9*7+7=70,1
2,48-32=16 00000200;1-9+15=7 00120110,9*5+5=50,1
2,48-32=16 00000200;1-9+15=7 00210010,9+9*9=90,1
2,48-32=16 00000200;1-9+15=7 00210011,7+9*7=70,1
2,48-32=16 00000200;1-9+15=7 00210110,5+9*5=50,1
2,48-32=16 00000200;1-9+15=7 00220010,9*9+9=90,1
2,48-32=16 00000200;1-9+15=7 00220011,7*9+7=70,1
2,48-32=16 00000200;1-9+15=7 00220110,5*9+5=50,1
1,48-32=16 00000211,11+59=70,76
2,48-32=16 00000211;11+59=70 10101210,6*9+7=61,3
2,48-32=16 00000211;11+59=70 10102210,7+6*9=61,1
2,48-32=16 00000211;11+59=70 10111200,5*9+6=51,5
2,48-32=16 00000211;11+59=70 10111210,9+6*7=51,2
2,48-32=16 00000211;11+59=70 10112200,6+5*9=51,1
2,48-32=16 00000211;11+59=70 10112210,6*7+9=51,2
2,48-32=16 00000211;11+59=70 10200221,60+17=77,2
2,48-32=16 00000211;11+59=70 10200222,60+10=70,1
2,48-32=16 00000211;11+59=70 10201221,69+10=79,1
2,48-32=16 00000211;11+59=70 10202221,60+19=79,1
2,48-32=16 00000211;11+59=70 10210201,50+15=65,2
2,48-32=16 00000211;11+59=70 10210202,50+10=60,1
2,48-32=16 00000211;11+59=70 10210211,50+17=67,2
2,48-32=16 00000211;11+59=70 10210221,60+15=75,2
2,48-32=16 00000211;11+59=70 10211201,59+10=69,1
2,48-32=16 00000211;11+59=70 10211210,79+16=95,1
2,48-32=16 00000211;11+59=70 10211220,59+16=75,1
2,48-32=16 00000211;11+59=70 10212201,50+19=69,1
2,48-32=16 00000211;11+59=70 10212210,76+19=95,1
2,48-32=16 00000211;11+59=70 10212220,56+19=75,1
2,48-32=16 00000211;11+59=70 11200220,61+16=77,2
2,48-32=16 00000211;11+59=70 11200221,60+11=71,2
2,48-32=16 00000211;11+59=70 11210201,50+11=61,2
2,48-32=16 00000211;11+59=70 11210210,51+16=67,2
2,48-32=16 00000211;11+59=70 11210220,55+16=71,2
2,48-32=16 00000211;11+59=70 11211210,75+16=91,2
2,48-32=16 00000211;11+59=70 12200220,61+16=77,1
2,48-32=16 00000211;11+59=70 12200221,61+10=71,1
2,48-32=16 00000211;11+59=70 12210201,51+10=61,1
2,48-32=16 00000211;11+59=70 12210210,51+16=67,1
2,48-32=16 00000211;11+59=70 20111200,1+9*6=55,1
2,48-32=16 00000211;11+59=70 20112200,1+6*9=55,1
2,48-32=16 00000211;11+59=70 20200221,10+67=77,2
2,48-32=16 00000211;11+59=70 20200222,10+60=70,1
2,48-32=16 00000211;11+59=70 20201221,19+60=79,1
2,48-32=16 00000211;11+59=70 20202221,10+69=79,1
2,48-32=16 00000211;11+59=70 20210221,10+65=75,2
2,48-32=16 00000211;11+59=70 20211210,19+76=95,1
2,48-32=16 00000211;11+59=70 20212210,16+79=95,1
2,48-32=16 00000211;11+59=70 20220201,10+55=65,2
2,48-32=16 00000211;11+59=70 20220202,10+50=60,1
2,48-32=16 00000211;11+59=70 20220211,10+57=67,2
2,48-32=16 00000211;11+59=70 20221201,19+50=69,1
2,48-32=16 00000211;11+59=70 20221220,19+56=75,1
2,48-32=16 00000211;11+59=70 20222201,10+59=69,1
2,48-32=16 00000211;11+59=70 20222220,16+59=75,1
2,48-32=16 00000211;11+59=70 21200220,16+61=77,1
2,48-32=16 00000211;11+59=70 21200221,10+61=71,1
2,48-32=16 00000211;11+59=70 21211210,15+76=91,2
2,48-32=16 00000211;11+59=70 21220201,10+51=61,1
2,48-32=16 00000211;11+59=70 21220210,16+51=67,1
2,48-32=16 00000211;11+59=70 21220220,15+56=71,2
2,48-32=16 00000211;11+59=70 22200220,11+66=77,1
2,48-32=16 00000211;11+59=70 22200221,11+60=71,1
2,48-32=16 00000211;11+59=70 22220201,11+50=61,1
2,48-32=16 00000211;11+59=70 22220210,11+56=67,1
1,48-32=16 00000212,10+15=25,24
1,48-32=16 00000220,105/7=15,59
1,48-32=16 00001102,60/2/5=6,10
1,48-32=16 00001111,2*56=112,62
1,48-32=16 00001112,1*12/2=6,22
1,48-32=16 00001120,2*55=110,4
1,48-32=16 00001200,2*9+7=25,81
1,48-32=16 00001210,70+25=95,62
1,48-32=16 00001212,10+25=35,15
1,48-32=16 00001220,7*2+1=15,62
1,48-32=16 00001221,5+2*6=17,40
1,48-32=16 00002100,225/25=9,1
1,48-32=16 00002101,2/6*27=9,3
1,48-32=16 00002102,2/9*27=6,1
1,48-32=16 00002111,2/6*21=7,4
1,48-32=16 00002112,120/20=6,6
1,48-32=16 00002200,2+5*9=47,26
1,48-32=16 00002202,6*9+2=56,2
1,48-32=16 00002212,112/2=56,3
2,48-32=16 00002212;112/2=56 20222202,192/2=96,1
2,48-32=16 00002212;112/2=56 20222212,152/2=76,1
2,48-32=16 00002212;112/2=56 22222222,112/2=56,1
1,48-32=16 00002220,2*9+7=25,26
1,48-32=16 00002221,1*6+9=15,16
1,48-32=16 00002222,2*5*1=10,7
1,48-32=16 00010100,79*5=395,28
1,48-32=16 00010101,66*5=330,48
1,48-32=16 00010102,56*6=336,11
1,48-32=16 00010110,3*15/9=5,103
1,48-32=16 00010111,1*54/6=9,62
1,48-32=16 00010112,10*1/5=2,28
2,48-32=16 00010112;10*1/5=2 00022020,36/1/6=6,1
2,48-32=16 00010112;10*1/5=2 00120010,6*61=366,1
2,48-32=16 00010112;10*1/5=2 00222020,36*1/6=6,1
2,48-32=16 00010112;10*1/5=2 01120110,6*51=306,1
2,48-32=16 00010112;10*1/5=2 02022220,30/1/5=6,1
2,48-32=16 00010112;10*1/5=2 02222220,30*1/5=6,1
2,48-32=16 00010112;10*1/5=2 10001020,366/61=6,1
2,48-32=16 00010112;10*1/5=2 10001120,35/7+1=6,1
2,48-32=16 00010112;10*1/5=2 10002020,36/1/6=6,2
3,48-32=16 00010112;10*1/5=2 10002020;36/1/6=6 22212122,36/6/1=6,1
3,48-32=16 00010112;10*1/5=2 10002020;36/1/6=6 22222222,36/1/6=6,1
2,48-32=16 00010112;10*1/5=2 10002220,3+15/5=6,1
2,48-32=16 00010112;10*1/5=2 10101020,36/6*1=6,1
2,48-32=16 00010112;10*1/5=2 10200010,61*6=366,1
2,48-32=16 00010112;10*1/5=2 11101120,3/5*10=6,1
2,48-32=16 00010112;10*1/5=2 11102220,3*10/5=6,1
2,48-32=16 00010112;10*1/5=2 11200110,51*6=306,1
2,48-32=16 00010112;10*1/5=2 12001020,30/6+1=6,1
2,48-32=16 00010112;10*1/5=2 12001120,306/51=6,1
2,48-32=16 00010112;10*1/5=2 12002120,30/5/1=6,1
2,48-32=16 00010112;10*1/5=2 12101120,30/5*1=6,1
2,48-32=16 00010112;10*1/5=2 20001120,15/5+3=6,1
2,48-32=16 00010112;10*1/5=2 20002120,1+35/7=6,1
2,48-32=16 00010112;10*1/5=2 20012120,1+15/3=6,1
2,48-32=16 00010112;10*1/5=2 20101020,1/6*36=6,1
2,48-32=16 00010112;10*1/5=2 20102020,1*36/6=6,1
2,48-32=16 00010112;10*1/5=2 21002020,1+30/6=6,1
2,48-32=16 00010112;10*1/5=2 21101120,1/5*30=6,1
2,48-32=16 00010112;10*1/5=2 21102220,1*30/5=6,1
2,48-32=16 00010112;10*1/5=2 22101120,10/5*3=6,1
1,48-32=16 00010120,13*9=117,8
1,48-32=16 00010121,63*5=315,1
1,48-32=16 00010201,5+9*6=59,68
1,48-32=16 00010202,6*9+6=60,20
1,48-32=16 00010210,117/3=39,50
1,48-32=16 00010211,1*9+6=15,80
1,48-32=16 00010212,177/59=3,19
1,48-32=16 00010220,153/3=51,87
1,48-32=16 00010221,6*6/12=3,36
1,48-32=16 00010222,6+3+7=16,12
1,48-32=16 00011100,39*7=273,36
1,48-32=16 00011101,37*7=259,33
1,48-32=16 00011111,2*65=130,29
1,48-32=16 00011121,35*6=210,6
1,48-32=16 00011201,23+56=79,68
1,48-32=16 00011202,2*9*3=54,21
1,48-32=16 00011211,11+56=67,47
1,48-32=16 00011212,10+15=25,15
1,48-32=16 00011221,1+2*6=13,22
1,48-32=16 00012100,203/29=7,4
1,48-32=16 00012110,3/7*21=9,14
1,48-32=16 00012111,130/26=5,2
1,48-32=16 00012112,132/22=6,1
1,48-32=16 00012200,5*37=185,18
1,48-32=16 00012202,2*3*2=12,4
1,48-32=16 00012220,9+3*2=15,17
1,48-32=16 00020101,5*73=365,6
1,48-32=16 00020102,90/3/5=6,1
1,48-32=16 00020110,5*9-40=5,15
1,48-32=16 00020111,1*63/7=9,9
1,48-32=16 00020201,37+53=90,30
1,48-32=16 00020202,10+57=67,10
1,48-32=16 00020210,13+19=32,9
1,48-32=16 00020211,101-6=95,18
1,48-32=16 00020212,15+19=34,6
1,48-32=16 00021102,36/3/2=6,2
1,48-32=16 00021110,39*3=117,20
1,48-32=16 00021111,67*3=201,2
1,48-32=16 00021112,12*3/6=6,5
2,48-32=16 00021112;12*3/6=6 11120012,2*53=106,1
2,48-32=16 00021112;12*3/6=6 11120112,2*63=126,1
2,48-32=16 00021112;12*3/6=6 12220012,52*3=156,1
2,48-32=16 00021112;12*3/6=6 22021022,12/3+2=6,1
2,48-32=16 00021112;12*3/6=6 22222222,12*3/6=6,1
1,48-32=16 00021120,3*73=219,5
1,48-32=16 00021200,100-7=93,21
1,48-32=16 00021201,36+57=93,24
1,48-32=16 00021202,10+17=27,5
1,48-32=16 00021210,10+13=23,11
1,48-32=16 00021211,310/5=62,12
1,48-32=16 00022200,25+32=57,4
1,48-32=16 00100101,469/67=7,15
1,48-32=16 00100102,469/67=7,11
1,48-32=16 00100110,5+11-9=7,67
1,48-32=16 00100111,6+10-9=7,57
1,48-32=16 00100112,7*1+4=11,24
1,48-32=16 00100211,105-6=99,4
1,48-32=16 00100212,101-5=96,2
1,48-32=16 00100222,5*5-9=16,1
1,48-32=16 00101102,22/2-5=6,6
1,48-32=16 00101110,7+10/5=9,89
1,48-32=16 00101111,6+7-11=2,51
1,48-32=16 00101112,1+72/9=9,19
1,48-32=16 00101200,5*5-5=20,2
1,48-32=16 00101210,102-5=97,3
2,48-32=16 00101210;102-5=97 22120220,101-9=92,1
2,48-32=16 00101210;102-5=97 22221221,102-7=95,1
2,48-32=16 00101210;102-5=97 22222222,102-5=97,1
1,48-32=16 00101221,6*2-1=11,13
1,48-32=16 00101222,9-2+9=16,1
1,48-32=16 00102101,5*7-26=9,6
1,48-32=16 00102102,5*7-29=6,2
1,48-32=16 00102201,6*9-2=52,2
1,48-32=16 00102210,101-2=99,1
1,48-32=16 00102211,7*9-2=61,2
1,48-32=16 00102220,5+7-2=10,8
1,48-32=16 00102222,2*9-2=16,3
1,48-32=16 00110100,56/7-3=5,16
1,48-32=16 00110101,60/5-9=3,37
1,48-32=16 00110111,6*3-15=3,39
1,48-32=16 00110201,237/79=3,14
1,48-32=16 00110202,5*6*1=30,4
1,48-32=16 00110210,100-3=97,2
1,48-32=16 00110211,6*6-1=35,7
1,48-32=16 00110212,103-7=96,1
1,48-32=16 00110220,9+5-1=13,26
1,48-32=16 00110221,3*6+7=25,14
1,48-32=16 00110222,3*7-5=16,2
1,48-32=16 00111100,207/23=9,22
1,48-32=16 00111102,30/2-9=6,1
1,48-32=16 00111110,5+12/3=9,52
1,48-32=16 00111111,6-12+9=3,18
1,48-32=16 00111112,3*6-12=6,6
1,48-32=16 00111200,3*5*2=30,7
1,48-32=16 00111201,5*6-3=27,4
1,48-32=16 00111221,6*3-6=12,8
1,48-32=16 00112100,1-9+10=2,10
1,48-32=16 00112110,3*7-20=1,4
2,48-32=16 00112110;3*7-20=1 12122121,7*3-21=0,1
2,48-32=16 00112110;3*7-20=1 12122222,7*3-20=1,1
2,48-32=16 00112110;3*7-20=1 22222121,3*7-21=0,1
2,48-32=16 00112110;3*7-20=1 22222222,3*7-20=1,1
1,48-32=16 00112111,3*9-26=1,2
1,48-32=16 00112200,3*5*2=30,5
1,48-32=16 00112221,6+9-2=13,2
1,48-32=16 00112222,3*6-2=16,2
1,48-32=16 00120100,30/3-3=7,3
1,48-32=16 00120101,1*16-7=9,8
1,48-32=16 00120102,1*11-6=5,3
1,48-32=16 00120111,1*13-6=7,4
1,48-32=16 00121100,33/3-2=9,5
1,48-32=16 00121101,27/3-6=3,2
2,48-32=16 00121101;27/3-6=3 10121120,9-63/9=2,1
2,48-32=16 00121101;27/3-6=3 22222222,27/3-6=3,1
1,48-32=16 00121102,27/3-3=6,1
1,48-32=16 00121111,12+3-6=9,5
1,48-32=16 00121112,12+3-9=6,3
1,48-32=16 00200100,1*15-7=8,5
1,48-32=16 00200101,59-6*9=5,3
1,48-32=16 00200102,60-6*9=6,5
1,48-32=16 00200110,15+1-7=9,57
1,48-32=16 00200111,1*16-7=9,37
1,48-32=16 00200210,70-11=59,6
1,48-32=16 00200211,70-11=59,34
1,48-32=16 00200222,67-51=16,8
1,48-32=16 00201100,25-2*9=7,19
1,48-32=16 00201101,22-6-7=9,14
1,48-32=16 00201102,22-7-9=6,7
1,48-32=16 00201110,11-2*2=7,71
1,48-32=16 00201112,10/2*1=5,18
1,48-32=16 00201201,96-27=69,19
1,48-32=16 00201202,55-29=26,10
1,48-32=16 00202211,77-12=65,8
1,48-32=16 00202220,27-12=15,5
1,48-32=16 00202221,69-52=17,6
1,48-32=16 00210100,30-7*3=9,5
1,48-32=16 00210101,7*79=553,21
1,48-32=16 00210110,9*17=153,51
1,48-32=16 00210111,10-6-3=1,22
1,48-32=16 00210112,10*1-3=7,10
1,48-32=16 00210200,90-53=37,3
1,48-32=16 00210210,117/3=39,11
1,48-32=16 00210211,75+15=90,21
1,48-32=16 00210220,1*8+9=17,9
1,48-32=16 00210222,69-53=16,7
1,48-32=16 00211100,21-5-7=9,20
1,48-32=16 00211102,27-7*3=6,1
1,48-32=16 00211110,15-2*3=9,33
1,48-32=16 00211111,7*56=392,15
1,48-32=16 00211112,11-2-3=6,7
1,48-32=16 00211200,93-73=20,33
1,48-32=16 00211201,90-67=23,37
1,48-32=16 00211202,79-23=56,13
1,48-32=16 00211212,10+16=26,6
1,48-32=16 00211221,35+36=71,12
1,48-32=16 00211222,29-13=16,5
1,48-32=16 00212200,57-22=35,8
1,48-32=16 00212220,117/9=13,8
1,48-32=16 00220102,33-3*9=6,1
1,48-32=16 00220200,70-33=37,6
1,48-32=16 00220201,79-20=59,32
1,48-32=16 00220202,75-39=36,8
1,48-32=16 00220210,70-31=39,4
1,48-32=16 00220211,66-31=35,12
1,48-32=16 00221100,22-3*5=7,6
1,48-32=16 00221101,25-3*6=7,5
1,48-32=16 00221102,27-3*7=6,1
1,48-32=16 00221111,11-3-6=2,3
1,48-32=16 00221201,90-37=53,22
1,48-32=16 00221202,59-33=26,7
1,48-32=16 00221210,51-30=21,6
1,48-32=16 00221211,5+7+9=21,11
1,48-32=16 00221212,57-31=26,2
1,48-32=16 00221220,1*5*3=15,5
1,48-32=16 00222211,61-32=29,3
1,48-32=16 01000100,7*85=595,6
1,48-32=16 01000101,7*79=553,33
1,48-32=16 01000110,9*9/81=1,29
1,48-32=16 01000111,1*56/7=8,40
1,48-32=16 01000120,9*90=810,4
1,48-32=16 01000122,6*86=516,5
1,48-32=16 01000201,7*8+9=65,38
1,48-32=16 01000202,6*8+8=56,8
1,48-32=16 01000211,59+11=70,55
1,48-32=16 01000220,8*1+9=17,47
1,48-32=16 01000221,576/64=9,20
1,48-32=16 01000222,1*7*8=56,12
1,48-32=16 01001101,62*9=558,32
1,48-32=16 01001102,2+28/7=6,9
1,48-32=16 01001110,2*79=158,75
1,48-32=16 01001111,16*1/8=2,58
1,48-32=16 01001112,8*59=472,13
1,48-32=16 01001122,2*58=116,3
2,48-32=16 01001122;2*58=116 12012022,8*27=216,1
2,48-32=16 01001122;2*58=116 21022022,27*8=216,1
2,48-32=16 01001122;2*58=116 22222222,2*58=116,1
1,48-32=16 01001200,2+7*8=58,71
1,48-32=16 01001201,20+78=98,71
1,48-32=16 01001210,12+58=70,64
1,48-32=16 01001220,7+2*9=25,51
1,48-32=16 01001221,8/2+6=10,12
1,48-32=16 01001222,1*2*8=16,12
1,48-32=16 01002100,2/8*20=5,10
1,48-32=16 01002110,198/22=9,1
1,48-32=16 01002200,7*8/2=28,13
1,48-32=16 01002201,65+25=90,16
1,48-32=16 01002210,10+57=67,20
1,48-32=16 01002212,172/2=86,1
1,48-32=16 01002220,8/1*9=72,28
1,48-32=16 01002221,6*6/2=18,4
1,48-32=16 01002222,1*8*2=16,5
1,48-32=16 01010101,30/6+3=8,7
1,48-32=16 01010102,378/63=6,4
1,48-32=16 01010110,3+18/9=5,18
1,48-32=16 01010111,9*67=603,38
1,48-32=16 01010200,7*9-5=58,47
1,48-32=16 01010201,7*8+3=59,26
1,48-32=16 01010212,1*9+5=14,9
1,48-32=16 01010220,8*1+7=15,43
1,48-32=16 01010221,603/67=9,29
1,48-32=16 01011100,2*28/7=8,31
1,48-32=16 01011102,7*38=266,10
1,48-32=16 01011110,2*12/3=8,18
1,48-32=16 01011112,2*68=136,4
1,48-32=16 01011120,39*8=312,2
1,48-32=16 01011200,9+7*3=30,74
1,48-32=16 01011201,67+28=95,43
1,48-32=16 01011202,2+3*8=26,12
1,48-32=16 01011210,11+78=89,41
1,48-32=16 01012100,232/29=8,1
1,48-32=16 01012200,1*8*9=72,9
1,48-32=16 01012210,11+72=83,9
1,48-32=16 01012211,16+22=38,7
1,48-32=16 01012220,3*3*2=18,7
1,48-32=16 01020100,9*93=837,1
1,48-32=16 01020101,6*63=378,2
1,48-32=16 01020110,15/3+3=8,5
1,48-32=16 01020111,3*63=189,10
1,48-32=16 01020112,16*3/8=6,1
1,48-32=16 01020200,25+70=95,20
1,48-32=16 01020210,5-7+11=9,12
1,48-32=16 01020212,51+35=86,2
1,48-32=16 01021100,1*12-3=9,4
1,48-32=16 01021110,12/3*2=8,2
1,48-32=16 01021111,6*23=138,2
1,48-32=16 01021112,2*83=166,3
1,48-32=16 01021200,10+75=85,9
1,48-32=16 01021210,21+37=58,6
1,48-32=16 01022201,1*6*9=54,4
1,48-32=16 01100100,1*72/8=9,15
1,48-32=16 01100101,8-56/7=0,19
1,48-32=16 01100110,7+10-9=8,84
1,48-32=16 01100111,6+11-8=9,31
1,48-32=16 01100112,8-10+8=6,11
1,48-32=16 01100200,7*9-5=58,7
1,48-32=16 01100201,8*9-5=67,7
1,48-32=16 01100210,7*9+5=68,12
1,48-32=16 01100211,106-8=98,1
1,48-32=16 01100220,7*9+8=71,16
1,48-32=16 01100222,8+9-1=16,4
1,48-32=16 01101101,26/2-5=8,9
1,48-32=16 01101110,2+11-8=5,69
1,48-32=16 01101111,8-12+6=2,14
1,48-32=16 01101112,2+12-8=6,6
1,48-32=16 01101200,5*7-7=28,4
1,48-32=16 01101210,100-8=92,1
1,48-32=16 01101220,8*2-1=15,18
1,48-32=16 01101221,2*8-6=10,4
1,48-32=16 01102201,5*6-2=28,3
1,48-32=16 01102210,100-2=98,1
1,48-32=16 01102220,5+8-2=11,4
1,48-32=16 01102221,6+8-2=12,2
1,48-32=16 01110101,8*9-63=9,11
1,48-32=16 01110110,3+10-5=8,64
1,48-32=16 01110200,5*8-3=37,14
1,48-32=16 01110210,105-97=8,8
1,48-32=16 01110211,8*8-1=63,2
1,48-32=16 01110220,3*9+8=35,24
1,48-32=16 01110221,6-3+8=11,12
1,48-32=16 01111100,4*52=208,15
1,48-32=16 01111101,6-32/8=2,3
1,48-32=16 01111102,72/8-3=6,1
1,48-32=16 01111110,8+7-12=3,22
1,48-32=16 01111200,5*8-8=32,2
1,48-32=16 01111210,3*8-1=23,4
1,48-32=16 01111220,7+8-3=12,8
1,48-32=16 01112110,3*8-21=3,4
1,48-32=16 01112200,3*8-2=22,4
1,48-32=16 01112220,7+8-2=13,2
1,48-32=16 01120100,33/3-3=8,4
1,48-32=16 01120110,1*13-5=8,11
1,48-32=16 01120111,1+13-6=8,5
1,48-32=16 01120112,1+13-8=6,2
1,48-32=16 01121100,30/3-2=8,2
1,48-32=16 01200101,95*8=760,14
1,48-32=16 01200102,70-8*8=6,2
1,48-32=16 01200111,94*7=658,26
1,48-32=16 01200210,11+59=70,30
1,48-32=16 01200212,81-15=66,6
1,48-32=16 01200221,89-18=71,26
1,48-32=16 01201110,19*8=152,54
1,48-32=16 01201200,55-27=28,21
1,48-32=16 01201201,56-27=29,43
1,48-32=16 01201211,50+21=71,22
1,48-32=16 01201212,87-21=66,5
2,48-32=16 01201212;87-21=66 20211202,81-55=26,1
2,48-32=16 01201212;87-21=66 20211222,82-16=66,1
2,48-32=16 01201212;87-21=66 20221202,81-25=56,1
2,48-32=16 01201212;87-21=66 22212212,87-61=26,1
2,48-32=16 01201212;87-21=66 22222222,87-21=66,1
1,48-32=16 01202200,50-22=28,3
1,48-32=16 01202201,87-22=65,8
1,48-32=16 01202211,80-12=68,2
1,48-32=16 01202220,89-72=17,8
1,48-32=16 01202221,80-62=18,2
2,48-32=16 01202221;80-62=18 20222220,81-62=19,1
2,48-32=16 01202221;80-62=18 22222222,80-62=18,1
1,48-32=16 01210100,75-8*9=3,10
1,48-32=16 01210102,30-8*3=6,1
1,48-32=16 01210110,13-5*1=8,23
1,48-32=16 01210111,1+18/3=7,12
1,48-32=16 01210112,11-8+3=6,3
1,48-32=16 01210202,86-50=36,2
1,48-32=16 01210210,91-58=33,26
1,48-32=16 01210212,83-17=66,4
1,48-32=16 01210220,71-53=18,20
1,48-32=16 01211100,19-8-3=8,15
1,48-32=16 01211101,23-6-8=9,6
1,48-32=16 01211200,78-53=25,19
1,48-32=16 01211201,93-25=68,24
1,48-32=16 01211202,83-27=56,4
1,48-32=16 01211211,82-13=69,10
1,48-32=16 01211221,82-63=19,2
1,48-32=16 01212200,87-52=35,5
1,48-32=16 01212210,85-12=73,6
1,48-32=16 01212220,83-72=11,5
1,48-32=16 01220100,33-3*8=9,2
1,48-32=16 01220102,30-3*8=6,1
1,48-32=16 01220110,11-3*1=8,7
1,48-32=16 01220111,16-3-5=8,3
1,48-32=16 01220200,93-38=55,21
1,48-32=16 01220202,86-30=56,2
1,48-32=16 01220210,13+38=51,8
1,48-32=16 01220211,17+18=35,7
1,48-32=16 01221100,20-3-8=9,7
1,48-32=16 01221101,26-3*6=8,2
1,48-32=16 01221110,12-3-1=8,5
1,48-32=16 01221210,59-38=21,4
1,48-32=16 01222201,60-32=28,1
1,48-32=16 01222210,83-32=51,1
1,48-32=16 01222220,50-32=18,1
1,48-32=16 02000101,585/65=9,5
1,48-32=16 02000112,98+8=106,1
1,48-32=16 02000202,688/8=86,1
1,48-32=16 02000211,18+50=68,12
1,48-32=16 02001100,28*2/7=8,19
1,48-32=16 02001101,280/56=5,2
1,48-32=16 02001102,28/7+2=6,2
1,48-32=16 02001111,18*9=162,3
1,48-32=16 02001112,1*12-5=7,7
1,48-32=16 02001121,68*9=612,1
1,48-32=16 02001200,28+57=85,12
1,48-32=16 02001201,28+67=95,7
1,48-32=16 02001210,28+71=99,9
1,48-32=16 02001211,28+61=89,2
1,48-32=16 02001212,182/7=26,1
1,48-32=16 02002110,180/20=9,3
1,48-32=16 02002111,182/26=7,1
1,48-32=16 02002200,28+22=50,3
1,48-32=16 02002201,28+62=90,2
1,48-32=16 02010100,385/55=7,4
1,48-32=16 02010101,380/76=5,1
1,48-32=16 02010110,18/9+1=3,6
1,48-32=16 02010111,10/6*3=5,10
1,48-32=16 02010112,18*1/3=6,6
1,48-32=16 02010200,38+55=93,7
1,48-32=16 02010212,18+18=36,3
1,48-32=16 02011100,280/35=8,4
1,48-32=16 02011101,288/36=8,3
1,48-32=16 02011111,186/62=3,2
1,48-32=16 02011112,68*2=136,1
1,48-32=16 02011200,28+25=53,7
1,48-32=16 02011201,28+65=93,5
1,48-32=16 02011202,288/3=96,3
1,48-32=16 02011210,28+10=38,8
1,48-32=16 02012201,38+22=60,1
1,48-32=16 02012211,186/2=93,1
1,48-32=16 02020112,18*3/9=6,3
1,48-32=16 02020200,38+37=75,7
1,48-32=16 02020210,18+35=53,7
1,48-32=16 02020212,18+38=56,1
1,48-32=16 02021110,18/3+2=8,3
1,48-32=16 02021200,28+30=58,1
1,48-32=16 02021210,28+31=59,1
1,48-32=16 02022210,18+32=50,1
1,48-32=16 02100100,98/7-5=9,3
1,48-32=16 02100110,18*1-9=9,3
1,48-32=16 02101101,28/2-6=8,1
1,48-32=16 02101110,1*10-2=8,6
1,48-32=16 02101111,18/6-1=2,2
1,48-32=16 02110100,88/8-3=8,2
1,48-32=16 02111110,28/7-1=3,2
1,48-32=16 02111112,18/2-3=6,1
1,48-32=16 02120110,18/3-1=5,3
1,48-32=16 02120111,18/3-6=0,1
1,48-32=16 02200100,58-7*7=9,2
1,48-32=16 02200102,78-8*9=6,2
1,48-32=16 02200111,18-5-6=7,4
1,48-32=16 02200112,18-5-7=6,3
1,48-32=16 02200210,19+31=50,10
1,48-32=16 02201100,58-7*8=2,2
1,48-32=16 02201112,18-2*6=6,2
1,48-32=16 02201211,15+47=62,8
1,48-32=16 02202212,78-12=66,4
1,48-32=16 02202222,1*16-7=9,5
1,48-32=16 02210100,38-5*7=3,2
1,48-32=16 02210101,38-5*6=8,2
1,48-32=16 02210111,18-6*3=0,4
1,48-32=16 02210112,18-9-3=6,1
1,48-32=16 02210210,12+25=37,7
1,48-32=16 02210220,88-73=15,5
1,48-32=16 02211100,28-5*5=3,2
1,48-32=16 02211101,38-6*6=2,1
1,48-32=16 02211200,5*5+3=28,12
1,48-32=16 02211201,10+25=35,8
1,48-32=16 02211211,38-16=22,1
1,48-32=16 02211221,38-26=12,1
1,48-32=16 02212202,58-22=36,3
1,48-32=16 02212212,38-12=26,1
1,48-32=16 02212222,38-22=16,1
1,48-32=16 02220110,1*10-3=7,4
1,48-32=16 02220111,18-3*6=0,2
1,48-32=16 02220112,18-3-9=6,1
1,48-32=16 02220200,103-5=98,6
1,48-32=16 02220201,1*6*5=30,8
1,48-32=16 02220211,68-31=37,4
2,48-32=16 02220211;68-31=37 12221201,98-37=61,1
2,48-32=16 02220211;68-31=37 12222202,98-31=67,1
2,48-32=16 02220211;68-31=37 22221221,68-37=31,1
2,48-32=16 02220211;68-31=37 22222222,68-31=37,1
1,48-32=16 02221100,28-3*7=7,1
1,48-32=16 02221110,28-3*9=1,1
1,48-32=16 02221200,1*2*5=10,4
1,48-32=16 02221201,68-39=29,5
1,48-32=16 02221210,58-31=27,2
1,48-32=16 02222202,1*6*9=54,4
1,48-32=16 10000102,64*9=576,10
1,48-32=16 10000111,1*16/4=4,36
1,48-32=16 10000112,1*54/9=6,13
1,48-32=16 10000202,106-7=99,7
1,48-32=16 10000212,105/15=7,12
1,48-32=16 10000220,9*1+5=14,39
1,48-32=16 10000221,6*7-41=1,31
1,48-32=16 10000222,5+7+4=16,8
1,48-32=16 10001100,7*42=294,33
1,48-32=16 10001112,1*24/4=6,22
1,48-32=16 10001122,24*9=216,4
1,48-32=16 10001200,70+25=95,85
1,48-32=16 10001210,25+24=49,75
1,48-32=16 10001212,15+49=64,15
1,48-32=16 10001220,2*4+7=15,32
1,48-32=16 10001222,2*2*4=16,3
1,48-32=16 10002110,1/4*20=5,9
1,48-32=16 10002112,1/4*24=6,3
1,48-32=16 10002201,1*6*9=54,9
1,48-32=16 10002202,54+22=76,9
1,48-32=16 10002210,11+59=70,15
1,48-32=16 10002212,14+52=66,6
1,48-32=16 10002220,7/1*2=14,14
1,48-32=16 10002221,2*6+2=14,7
1,48-32=16 10010101,60/5/3=4,23
1,48-32=16 10010110,1+54/9=7,20
1,48-32=16 10010200,343/7=49,54
1,48-32=16 10010201,5*6*3=90,44
1,48-32=16 10010202,304/4=76,7
1,48-32=16 10010211,11+46=57,50
1,48-32=16 10010212,1*2*5=10,15
1,48-32=16 10010220,5+4*7=33,33
1,48-32=16 10011101,7*56=392,35
1,48-32=16 10011102,204/34=6,6
1,48-32=16 10011112,3*42=126,4
2,48-32=16 10011112;3*42=126 10111102,12/4+3=6,1
2,48-32=16 10011112;3*42=126 11122202,73*2=146,1
2,48-32=16 10011112;3*42=126 20121102,3+12/4=6,1
2,48-32=16 10011112;3*42=126 22222222,3*42=126,1
1,48-32=16 10011200,22+73=95,69
1,48-32=16 10011201,33+24=57,43
1,48-32=16 10011202,234/9=26,9
1,48-32=16 10011210,59+11=70,76
1,48-32=16 10011212,12+24=36,3
2,48-32=16 10011212;12+24=36 12202212,32+14=46,1
2,48-32=16 10011212;12+24=36 12212222,22+14=36,1
2,48-32=16 10011212;12+24=36 22222222,12+24=36,1
1,48-32=16 10012100,243/27=9,1
1,48-32=16 10012101,234/26=9,1
1,48-32=16 10012200,30+27=57,14
1,48-32=16 10012202,1*12-3=9,3
1,48-32=16 10012220,3*4+2=14,6
1,48-32=16 10020100,9*53=477,1
1,48-32=16 10020101,36/3/3=4,6
1,48-32=16 10020110,15/3+4=9,2
1,48-32=16 10020111,14*3/6=7,2
1,48-32=16 10020112,14*3/7=6,1
1,48-32=16 10020200,34+39=73,10
1,48-32=16 10020211,96-51=45,14
1,48-32=16 10021100,54/3/2=9,5
1,48-32=16 10021101,72/3/6=4,1
1,48-32=16 10021102,72/3/4=6,1
1,48-32=16 10021110,12*3/4=9,8
1,48-32=16 10021111,54*3=162,2
1,48-32=16 10021200,1+7*4=29,6
1,48-32=16 10021201,14+59=73,7
2,48-32=16 10021201;14+59=73 01200201,26+34=60,1
2,48-32=16 10021201;14+59=73 01200211,27+37=64,1
2,48-32=16 10021201;14+59=73 01201202,29+34=63,1
2,48-32=16 10021201;14+59=73 01211201,29+35=64,1
2,48-32=16 10021201;14+59=73 01212201,25+39=64,1
2,48-32=16 10021201;14+59=73 02200201,24+36=60,1
2,48-32=16 10021201;14+59=73 02202202,24+39=63,1
1,48-32=16 10021210,21+32=53,10
1,48-32=16 10021211,24+37=61,2
1,48-32=16 10021212,12+34=46,1
1,48-32=16 10022202,34+32=66,3
1,48-32=16 10022210,1*5+7=12,6
1,48-32=16 10100100,5*92=460,24
1,48-32=16 10100102,1*16-9=7,5
1,48-32=16 10100112,1*14-5=9,9
1,48-32=16 10100201,6*9-5=49,8
1,48-32=16 10100210,1*5+9=14,9
1,48-32=16 10100212,100-4=96,1
1,48-32=16 10100220,5*4-1=19,14
1,48-32=16 10100221,6-1+9=14,12
1,48-32=16 10101100,53*9=477,23
1,48-32=16 10101101,6-54/9=0,19
1,48-32=16 10101102,20/2-4=6,3
1,48-32=16 10101110,1+10-7=4,63
1,48-32=16 10101111,5-24/6=1,7
1,48-32=16 10101112,14/2-1=6,2
1,48-32=16 10101201,6*4-4=20,4
1,48-32=16 10101202,5*6-4=26,2
1,48-32=16 10101210,5*5-1=24,4
1,48-32=16 10102100,9*4-27=9,4
1,48-32=16 10102101,6*4-20=4,6
1,48-32=16 10102110,5*5-21=4,4
1,48-32=16 10102200,7*7-2=47,1
1,48-32=16 10102202,7*4-2=26,1
1,48-32=16 10110100,35/5-3=4,6
1,48-32=16 10110101,33-6*4=9,14
1,48-32=16 10110102,54/6-3=6,4
1,48-32=16 10110111,30/6-1=4,7
1,48-32=16 10110201,7*7-6=43,2
1,48-32=16 10110202,7*7-3=46,1
1,48-32=16 10110220,3+4*7=31,13
1,48-32=16 10111110,12/4-3=0,10
1,48-32=16 10111200,5*9-3=42,9
1,48-32=16 10111201,6*6-4=32,1
1,48-32=16 10111211,6*4-1=23,2
1,48-32=16 10112100,1*9*7=63,6
1,48-32=16 10112111,6*4-21=3,2
1,48-32=16 10112200,5*9-2=43,3
1,48-32=16 10112201,6*6-2=34,1
1,48-32=16 10112220,3*4-2=10,1
1,48-32=16 10120101,30/3-6=4,1
1,48-32=16 10120102,30/3-4=6,1
1,48-32=16 10120110,1*13-4=9,7
1,48-32=16 10121100,24/3-3=5,5
1,48-32=16 10121101,24/3-6=2,1
1,48-32=16 10121110,1*10-3=7,5
1,48-32=16 10200100,54-5*9=9,3
1,48-32=16 10200101,54-6*9=0,4
2,48-32=16 10200101;54-6*9=0 01212120,67-9*7=4,1
2,48-32=16 10200101;54-6*9=0 01212220,67-7*9=4,1
2,48-32=16 10200101;54-6*9=0 22212122,54-9*6=0,1
2,48-32=16 10200101;54-6*9=0 22222222,54-6*9=0,1
1,48-32=16 10200112,56/7-4=4,18
1,48-32=16 10200201,95-46=49,6
1,48-32=16 10200211,55-11=44,38
2,48-32=16 10200211;55-11=44 00220202,90-16=74,1
2,48-32=16 10200211;55-11=44 00220211,74-14=60,1
2,48-32=16 10200211;55-11=44 00220212,74-10=64,1
2,48-32=16 10200211;55-11=44 00220220,66-17=49,2
3,48-32=16 10200211;55-11=44 00220220;66-17=49 22221221,66-19=47,1
3,48-32=16 10200211;55-11=44 00220220;66-17=49 22222222,66-17=49,1
2,48-32=16 10200211;55-11=44 00220221,64-17=47,1
2,48-32=16 10200211;55-11=44 00220222,60-16=44,1
2,48-32=16 10200211;55-11=44 00221220,60-19=41,1
2,48-32=16 10200211;55-11=44 00221221,61-14=47,1
2,48-32=16 10200211;55-11=44 00221222,61-17=44,1
2,48-32=16 10200211;55-11=44 00222220,60-11=49,1
2,48-32=16 10200211;55-11=44 02220220,65-16=49,1
2,48-32=16 10200211;55-11=44 02221210,75-14=61,1
2,48-32=16 10200211;55-11=44 02222202,75-11=64,1
2,48-32=16 10200211;55-11=44 10210210,97-46=51,1
2,48-32=16 10200211;55-11=44 10210220,97-56=41,1
2,48-32=16 10200211;55-11=44 10210221,91-46=45,1
2,48-32=16 10200211;55-11=44 10220202,70-16=54,2
3,48-32=16 10200211;55-11=44 10220202;70-16=54 20221212,79-15=64,1
3,48-32=16 10200211;55-11=44 10220202;70-16=54 22222222,70-16=54,1
2,48-32=16 10200211;55-11=44 10220210,70-16=54,3
3,48-32=16 10200211;55-11=44 10220210;70-16=54 20221211,79-14=65,1
3,48-32=16 10200211;55-11=44 10220210;70-16=54 20221212,79-15=64,1
3,48-32=16 10200211;55-11=44 10220210;70-16=54 22222222,70-16=54,1
2,48-32=16 10200211;55-11=44 10220211,64-14=50,1
2,48-32=16 10200211;55-11=44 10220212,64-10=54,1
2,48-32=16 10200211;55-11=44 10220221,64-15=49,2
3,48-32=16 10200211;55-11=44 10220221;64-15=49 22221221,64-19=45,1
3,48-32=16 10200211;55-11=44 10220221;64-15=49 22222222,64-15=49,1
2,48-32=16 10200211;55-11=44 10221220,61-16=45,1
2,48-32=16 10200211;55-11=44 11202210,96-41=55,1
2,48-32=16 10200211;55-11=44 11202220,96-51=45,1
2,48-32=16 10200211;55-11=44 11210210,96-41=55,2
3,48-32=16 10200211;55-11=44 11210210;96-41=55 22221221,96-45=51,1
3,48-32=16 10200211;55-11=44 11210210;96-41=55 22222222,96-41=55,1
2,48-32=16 10200211;55-11=44 11210220,96-51=45,2
3,48-32=16 10200211;55-11=44 11210220;96-51=45 22221221,96-55=41,1
3,48-32=16 10200211;55-11=44 11210220;96-51=45 22222222,96-51=45,1
2,48-32=16 10200211;55-11=44 11220202,69-15=54,1
2,48-32=16 10200211;55-11=44 11220210,69-14=55,2
3,48-32=16 10200211;55-11=44 11220210;69-14=55 22221221,69-15=54,1
3,48-32=16 10200211;55-11=44 11220210;69-14=55 22222222,69-14=55,1
2,48-32=16 10200211;55-11=44 11220220,60-15=45,1
2,48-32=16 10200211;55-11=44 12221210,65-14=51,1
2,48-32=16 10200211;55-11=44 12222202,65-11=54,1
2,48-32=16 10200211;55-11=44 20220220,56-16=40,1
2,48-32=16 10200211;55-11=44 20221220,57-16=41,1
2,48-32=16 10200211;55-11=44 21221220,56-15=41,1
2,48-32=16 10200211;55-11=44 21222220,56-11=45,1
1,48-32=16 10200212,57-11=46,10
1,48-32=16 10200220,51+44=95,25
1,48-32=16 10200222,57-41=16,7
1,48-32=16 10201100,72/9-4=4,26
1,48-32=16 10201101,24-6-9=9,8
1,48-32=16 10201102,1*14-9=5,6
1,48-32=16 10201110,15-4*2=7,54
1,48-32=16 10201111,12-2-6=4,11
1,48-32=16 10201200,79-25=54,39
1,48-32=16 10201202,66-20=46,12
1,48-32=16 10201210,95-21=74,27
1,48-32=16 10201211,75-24=51,28
1,48-32=16 10201212,62-16=46,5
1,48-32=16 10201220,29-15=14,10
1,48-32=16 10202201,69-25=44,16
1,48-32=16 10202220,1*10-3=7,5
1,48-32=16 10202221,64-52=12,7
1,48-32=16 10210100,35/7+4=9,13
1,48-32=16 10210111,57-9*6=3,13
1,48-32=16 10210200,97-53=44,32
1,48-32=16 10210201,90-56=34,15
1,48-32=16 10210202,76-40=36,6
1,48-32=16 10210211,67-13=54,23
1,48-32=16 10210212,50-14=36,4
1,48-32=16 10210220,14+59=73,17
1,48-32=16 10210221,67-53=14,16
1,48-32=16 10211100,25+44=69,10
1,48-32=16 10211101,22-6*3=4,3
1,48-32=16 10211102,24-6*3=6,1
1,48-32=16 10211110,7*52=364,22
1,48-32=16 10211201,57-24=33,29
1,48-32=16 10211220,37+14=51,16
1,48-32=16 10211221,62-43=19,3
1,48-32=16 10212201,65-42=23,6
1,48-32=16 10212220,53-42=11,3
1,48-32=16 10220100,34-3*9=7,1
1,48-32=16 10220112,13-3-4=6,2
1,48-32=16 10220210,65-31=34,10
1,48-32=16 10220211,65-31=34,11
1,48-32=16 10220221,50-36=14,1
1,48-32=16 10220222,50-34=16,1
1,48-32=16 10221100,24-3*5=9,3
1,48-32=16 10221102,24-3*6=6,1
1,48-32=16 10221110,1*10/2=5,8
1,48-32=16 10221200,170/5=34,10
1,48-32=16 10221202,60-34=26,1
1,48-32=16 10222200,1+7*7=50,6
1,48-32=16 10222210,73-32=41,1
1,48-32=16 11000100,89*5=445,20
1,48-32=16 11000102,57*8=456,12
1,48-32=16 11000201,8*63=504,26
1,48-32=16 11000210,105/15=7,54
1,48-32=16 11000211,696/87=8,48
1,48-32=16 11000220,8*9+5=77,37
1,48-32=16 11000222,8*8/4=16,3
1,48-32=16 11001100,5*94=470,39
1,48-32=16 11001102,8*62=496,7
1,48-32=16 11001110,2*14/7=4,40
1,48-32=16 11001112,12*4/8=6,2
1,48-32=16 11001120,14*8=112,4
1,48-32=16 11001121,64*8=512,2
2,48-32=16 11001121;64*8=512 11112222,8*64=512,1
2,48-32=16 11001121;64*8=512 22222222,64*8=512,1
1,48-32=16 11001122,52*8=416,2
1,48-32=16 11001200,2+9*8=74,49
1,48-32=16 11001211,14+65=79,17
1,48-32=16 11001220,2*1*8=16,15
1,48-32=16 11001221,6*8/4=12,4
1,48-32=16 11001222,2*4+8=16,3
1,48-32=16 11002111,168/24=7,1
1,48-32=16 11002200,5*8+2=42,5
1,48-32=16 11002201,62+22=84,11
1,48-32=16 11002211,128/2=64,4
1,48-32=16 11002220,8+4+2=14,3
1,48-32=16 11002222,8*4/2=16,2
1,48-32=16 11010100,87*4=348,31
1,48-32=16 11010101,56*8=448,33
1,48-32=16 11010102,7*48=336,6
1,48-32=16 11010110,148/37=4,9
1,48-32=16 11010111,138/46=3,2
1,48-32=16 11010120,3*38=114,2
1,48-32=16 11010200,9+7*5=44,62
1,48-32=16 11010202,8+4*7=36,12
1,48-32=16 11010210,14+71=85,44
1,48-32=16 11010212,138/3=46,1
1,48-32=16 11011100,207/23=9,51
1,48-32=16 11011101,2*20/5=8,10
1,48-32=16 11011102,24/8+3=6,5
1,48-32=16 11011202,32+54=86,1
1,48-32=16 11011210,3/1*4=12,33
1,48-32=16 11011211,21+63=84,5
1,48-32=16 11012100,3/8*24=9,4
1,48-32=16 11012110,1/3*24=8,4
1,48-32=16 11012200,32+52=84,5
1,48-32=16 11012201,36+42=78,1
1,48-32=16 11012202,34+52=86,1
1,48-32=16 11012210,39+42=81,1
1,48-32=16 11012211,36+12=48,1
1,48-32=16 11012220,8+3*2=14,1
1,48-32=16 11020110,8*13=104,1
1,48-32=16 11020120,5*83=415,1
1,48-32=16 11020201,34+34=68,4
2,48-32=16 11020201;34+34=68 01220211,56+38=94,1
2,48-32=16 11020201;34+34=68 02222212,64+34=98,1
2,48-32=16 11020201;34+34=68 21220211,36+38=74,1
2,48-32=16 11020201;34+34=68 22222222,34+34=68,1
1,48-32=16 11020210,13+17=30,11
1,48-32=16 11020211,16+38=54,1
1,48-32=16 11021100,24*3/8=9,8
1,48-32=16 11021110,24/3*1=8,6
1,48-32=16 11021201,24+38=62,2
1,48-32=16 11021202,52+34=86,1
1,48-32=16 11021210,14+38=52,1
1,48-32=16 11022200,52+32=84,1
1,48-32=16 11022202,54+32=86,1
1,48-32=16 11100100,5*7-27=8,15
1,48-32=16 11100102,1*64/8=8,6
1,48-32=16 11100112,1*14-8=6,7
1,48-32=16 11100202,6*9-8=46,2
1,48-32=16 11100210,7*7-1=48,2
1,48-32=16 11100212,104-8=96,1
1,48-32=16 11100220,7+8-1=14,10
1,48-32=16 11101101,108/27=4,6
1,48-32=16 11101210,102-4=98,2
1,48-32=16 11101220,8*2-4=12,7
1,48-32=16 11102100,10-9+7=8,7
1,48-32=16 11102202,6*8-2=46,2
1,48-32=16 11110100,8-40/8=3,5
1,48-32=16 11110101,6*59=354,15
1,48-32=16 11110102,5*8-34=6,2
2,48-32=16 11110102;5*8-34=6 12122222,8*5-34=6,1
2,48-32=16 11110102;5*8-34=6 22222222,5*8-34=6,1
1,48-32=16 11110110,3-8+14=9,13
1,48-32=16 11110111,36/4-1=8,2
2,48-32=16 11110111;36/4-1=8 22222121,36/4-8=1,1
2,48-32=16 11110111;36/4-1=8 22222222,36/4-1=8,1
1,48-32=16 11110220,8+9-3=14,8
1,48-32=16 11111100,3-24/8=0,12
1,48-32=16 11111101,6-24/8=3,1
1,48-32=16 11111110,8-12/3=4,1
1,48-32=16 11112100,1*36/4=9,6
1,48-32=16 11120101,36/3-4=8,2
1,48-32=16 11200102,54-6*8=6,2
1,48-32=16 11200110,17-5-4=8,26
1,48-32=16 11200111,1*16/4=4,9
1,48-32=16 11200200,102-5=97,15
1,48-32=16 11200202,86-40=46,2
1,48-32=16 11200210,95-51=44,24
1,48-32=16 11200211,644/92=7,18
1,48-32=16 11200212,10+64=74,6
1,48-32=16 11200221,644/92=7,15
1,48-32=16 11201100,64-7*8=8,17
1,48-32=16 11201101,52-6*8=4,2
1,48-32=16 11201110,16/4+4=8,25
2,48-32=16 11201110;16/4+4=8 10000221,21-8-4=9,1
2,48-32=16 11201110;16/4+4=8 10000222,21-9-4=8,1
2,48-32=16 11201110;16/4+4=8 10010021,21-8-4=9,3
3,48-32=16 11201110;16/4+4=8 10010021;21-8-4=9 22212121,21-9-8=4,1
3,48-32=16 11201110;16/4+4=8 10010021;21-8-4=9 22222121,21-8-9=4,1
3,48-32=16 11201110;16/4+4=8 10010021;21-8-4=9 22222222,21-8-4=9,1
2,48-32=16 11201110;16/4+4=8 10020021,21-4-8=9,1
2,48-32=16 11201110;16/4+4=8 10020022,21-4-9=8,1
2,48-32=16 11201110;16/4+4=8 20000221,12-8-4=0,1
2,48-32=16 11201110;16/4+4=8 20000222,12-1*4=8,1
2,48-32=16 11201110;16/4+4=8 20002222,12-8+4=8,1
2,48-32=16 11201110;16/4+4=8 20010021,12-1*8=4,3
3,48-32=16 11201110;16/4+4=8 20010021;12-1*8=4 22200121,12-8-4=0,1
3,48-32=16 11201110;16/4+4=8 20010021;12-1*8=4 22212122,12-8*1=4,1
3,48-32=16 11201110;16/4+4=8 20010021;12-1*8=4 22222222,12-1*8=4,1
2,48-32=16 11201110;16/4+4=8 20010121,14-2-8=4,2
3,48-32=16 11201110;16/4+4=8 20010121;14-2-8=4 22212122,14-8-2=4,1
3,48-32=16 11201110;16/4+4=8 20010121;14-2-8=4 22222222,14-2-8=4,1
2,48-32=16 11201110;16/4+4=8 20010221,14-8-4=2,1
2,48-32=16 11201110;16/4+4=8 20010222,14-2-4=8,1
2,48-32=16 11201110;16/4+4=8 20012021,10-8+2=4,1
2,48-32=16 11201110;16/4+4=8 20012022,12-8+4=8,2
3,48-32=16 11201110;16/4+4=8 20012022;12-8+4=8 21222122,14-8+2=8,1
3,48-32=16 11201110;16/4+4=8 20012022;12-8+4=8 22222222,12-8+4=8,1
2,48-32=16 11201110;16/4+4=8 20020021,12-4-8=0,1
2,48-32=16 11201110;16/4+4=8 20020022,12-4*1=8,1
2,48-32=16 11201110;16/4+4=8 20020121,14-4-8=2,1
2,48-32=16 11201110;16/4+4=8 20020122,14-4-2=8,1
2,48-32=16 11201110;16/4+4=8 20022022,10-4+2=8,1
2,48-32=16 11201110;16/4+4=8 20110021,12-8/1=4,1
2,48-32=16 11201110;16/4+4=8 20120022,10-4/2=8,2
3,48-32=16 11201110;16/4+4=8 20120022;10-4/2=8 20222122,12-4/1=8,1
3,48-32=16 11201110;16/4+4=8 20120022;10-4/2=8 22222222,10-4/2=8,1
1,48-32=16 11201201,94-20=74,26
1,48-32=16 11201202,30+24=54,9
1,48-32=16 11201211,66+28=94,15
1,48-32=16 11201220,72-54=18,4
1,48-32=16 11201221,82-64=18,7
1,48-32=16 11202200,10+2-5=7,7
1,48-32=16 11202220,84-72=12,2
1,48-32=16 11210110,13-8-1=4,17
1,48-32=16 11210200,79-44=35,26
2,48-32=16 11210200;79-44=35 00211221,84-50=34,1
2,48-32=16 11210200;79-44=35 00212221,84-54=30,1
2,48-32=16 11210200;79-44=35 00220221,83-45=38,1
2,48-32=16 11210200;79-44=35 00220222,80-45=35,2
3,48-32=16 11210200;79-44=35 00220222;80-45=35 20220222,83-48=35,1
3,48-32=16 11210200;79-44=35 00220222;80-45=35 22222222,80-45=35,1
2,48-32=16 11210200;79-44=35 00221210,83-40=43,2
3,48-32=16 11210200;79-44=35 00221210;83-40=43 22221221,83-43=40,1
3,48-32=16 11210200;79-44=35 00221210;83-40=43 22222222,83-40=43,1
2,48-32=16 11210200;79-44=35 01221211,93-45=48,1
2,48-32=16 11210200;79-44=35 01221212,93-48=45,1
2,48-32=16 11210200;79-44=35 01221220,83-49=34,1
2,48-32=16 11210200;79-44=35 01221221,84-45=39,1
2,48-32=16 11210200;79-44=35 01221222,84-49=35,1
2,48-32=16 11210200;79-44=35 01222220,83-44=39,1
2,48-32=16 11210200;79-44=35 02202222,89-54=35,1
2,48-32=16 11210200;79-44=35 02210221,89-55=34,1
2,48-32=16 11210200;79-44=35 10202221,87-54=33,1
2,48-32=16 11210200;79-44=35 10210221,87-53=34,2
3,48-32=16 11210200;79-44=35 10210221;87-53=34 22221221,87-54=33,1
3,48-32=16 11210200;79-44=35 10210221;87-53=34 22222222,87-53=34,1
2,48-32=16 11210200;79-44=35 10220220,80-43=37,2
3,48-32=16 11210200;79-44=35 10220220;80-43=37 22221221,80-47=33,1
3,48-32=16 11210200;79-44=35 10220220;80-43=37 22222222,80-43=37,1
2,48-32=16 11210200;79-44=35 10220221,85-47=38,2
3,48-32=16 11210200;79-44=35 10220221;85-47=38 22221221,85-48=37,1
3,48-32=16 11210200;79-44=35 10220221;85-47=38 22222222,85-47=38,1
2,48-32=16 11210200;79-44=35 10221210,87-43=44,1
2,48-32=16 11210200;79-44=35 10221220,84-47=37,1
2,48-32=16 11210200;79-44=35 10222210,87-44=43,1
2,48-32=16 11210200;79-44=35 11220220,87-48=39,2
3,48-32=16 11210200;79-44=35 11220220;87-48=39 22221221,87-49=38,1
3,48-32=16 11210200;79-44=35 11220220;87-48=39 22222222,87-48=39,1
1,48-32=16 11210201,147/3=49,10
1,48-32=16 11210210,97-54=43,24
2,48-32=16 11210210;97-54=43 00201201,81-43=38,1
2,48-32=16 11210210;97-54=43 00201202,81-48=33,1
2,48-32=16 11210210;97-54=43 00201221,84-43=41,1
2,48-32=16 11210210;97-54=43 00201222,84-41=43,1
2,48-32=16 11210210;97-54=43 00221201,84-53=31,2
3,48-32=16 11210210;97-54=43 00221201;84-53=31 21220221,85-51=34,1
3,48-32=16 11210210;97-54=43 00221201;84-53=31 22222222,84-53=31,1
2,48-32=16 11210210;97-54=43 00221202,84-51=33,1
2,48-32=16 11210210;97-54=43 00222201,85-54=31,1
2,48-32=16 11210210;97-54=43 01201201,84-13=71,1
2,48-32=16 11210210;97-54=43 01201202,84-11=73,1
2,48-32=16 11210210;97-54=43 01201211,81-47=34,1
2,48-32=16 11210210;97-54=43 01202211,81-44=37,1
2,48-32=16 11210210;97-54=43 02201201,87-13=74,1
2,48-32=16 11210210;97-54=43 02202202,87-14=73,1
2,48-32=16 11210210;97-54=43 10201201,80-41=39,2
3,48-32=16 11210210;97-54=43 10201201;80-41=39 22221221,80-49=31,1
3,48-32=16 11210210;97-54=43 10201201;80-41=39 22222222,80-41=39,1
2,48-32=16 11210210;97-54=43 11201201,79-41=38,2
3,48-32=16 11210210;97-54=43 11201201;79-41=38 22221221,79-48=31,1
3,48-32=16 11210210;97-54=43 11201201;79-41=38 22222222,79-41=38,1
2,48-32=16 11210210;97-54=43 20201201,94-13=81,1
2,48-32=16 11210210;97-54=43 20201202,94-11=83,1
2,48-32=16 11210210;97-54=43 20201221,91-43=48,1
2,48-32=16 11210210;97-54=43 20201222,91-48=43,1
2,48-32=16 11210210;97-54=43 22201201,97-13=84,1
2,48-32=16 11210210;97-54=43 22202202,97-14=83,1
1,48-32=16 11210220,84-71=13,8
1,48-32=16 11211100,20-4*3=8,6
1,48-32=16 11211101,32-4*6=8,2
1,48-32=16 11211200,67-28=39,18
1,48-32=16 11211210,71-23=48,8
1,48-32=16 11211211,84-21=63,4
1,48-32=16 11212200,80-42=38,3
1,48-32=16 11212210,81-42=39,2
1,48-32=16 11220110,14-3-3=8,4
1,48-32=16 11220201,147/3=49,9
1,48-32=16 11220202,1*5*8=40,6
1,48-32=16 11220211,81-36=45,1
1,48-32=16 11220221,54-36=18,1
1,48-32=16 11221100,20-3*4=8,2
1,48-32=16 11221110,14-3*2=8,1
1,48-32=16 11221200,105-7=98,11
1,48-32=16 11221201,62-34=28,4
1,48-32=16 11221210,81-39=42,1
1,48-32=16 11221220,52-34=18,2
1,48-32=16 11222201,86-32=54,1
1,48-32=16 12000100,784/98=8,6
1,48-32=16 12000102,58*7=406,3
1,48-32=16 12000110,18*4/8=9,7
1,48-32=16 12000112,18/9+4=6,1
1,48-32=16 12000200,58+40=98,3
1,48-32=16 12000202,684/9=76,1
1,48-32=16 12000210,18+40=58,5
1,48-32=16 12000211,18+47=65,9
1,48-32=16 12001101,68*4=272,2
1,48-32=16 12001102,282/47=6,2
1,48-32=16 12001110,28*1/7=4,22
1,48-32=16 12001120,28*4=112,1
1,48-32=16 12001200,28+24=52,10
1,48-32=16 12001202,28+48=76,1
1,48-32=16 12001211,18+44=62,6
1,48-32=16 12001212,18+28=46,2
1,48-32=16 12002200,28+42=70,1
1,48-32=16 12002210,18+22=40,4
1,48-32=16 12002211,18+42=60,1
1,48-32=16 12010100,38*8=304,6
1,48-32=16 12010102,384/64=6,1
1,48-32=16 12010201,38+46=84,3
1,48-32=16 12010210,38+10=48,4
1,48-32=16 12010211,18+16=34,4
1,48-32=16 12011110,38*4=152,1
1,48-32=16 12011200,28+45=73,4
1,48-32=16 12011201,38+24=62,2
1,48-32=16 12011210,18+23=41,8
1,48-32=16 12012110,184/23=8,1
1,48-32=16 12012200,38+42=80,1
1,48-32=16 12020120,38*3=114,1
1,48-32=16 12020210,18+30=48,2
1,48-32=16 12021100,78*3=234,2
1,48-32=16 12021101,68*3=204,2
1,48-32=16 12021201,28+34=62,2
1,48-32=16 12100101,68/4-8=9,4
1,48-32=16 12101112,28/4-1=6,1
1,48-32=16 12111100,28/4-3=4,2
1,48-32=16 12121110,18/3-2=4,2
1,48-32=16 12200101,58-6*9=4,3
1,48-32=16 12200111,18-4-6=8,4
1,48-32=16 12200112,18-4-8=6,2
1,48-32=16 12200210,29+41=70,13
1,48-32=16 12200211,68-14=54,3
1,48-32=16 12200220,105-7=98,7
1,48-32=16 12200221,68-49=19,3
1,48-32=16 12201100,28-4*5=8,4
1,48-32=16 12201211,68-21=47,5
1,48-32=16 12201221,58-46=12,1
1,48-32=16 12202212,58-12=46,1
1,48-32=16 12210102,38-4*8=6,2
1,48-32=16 12210112,18-4*3=6,1
1,48-32=16 12210201,98-64=34,1
1,48-32=16 12210210,1*5*7=35,4
1,48-32=16 12210220,58-43=15,2
1,48-32=16 12211100,38-4*9=2,3
1,48-32=16 12211201,68-23=45,5
1,48-32=16 12211210,38-14=24,1
1,48-32=16 12212202,78-42=36,1
1,48-32=16 12220201,68-34=34,2
1,48-32=16 12220210,78-31=47,2
1,48-32=16 12221100,28-3*8=4,1
1,48-32=16 12221200,58-34=24,1
1,48-32=16 12221201,78-36=42,1
1,48-32=16 20000102,1*14-5=9,4
1,48-32=16 20000111,4*4/16=1,8
1,48-32=16 20000112,4*44=176,8
1,48-32=16 20000121,46*9=414,1
1,48-32=16 20000211,26+65=91,21
1,48-32=16 20000220,4*4+1=17,16
1,48-32=16 20000222,1*4*5=20,7
1,48-32=16 20001111,2*21/6=7,12
1,48-32=16 20001120,42*5=210,1
1,48-32=16 20001122,4*29=116,2
1,48-32=16 20001200,9*5+7=52,27
1,48-32=16 20001202,10+47=57,9
1,48-32=16 20001210,2*5*7=70,18
1,48-32=16 20001211,45+21=66,20
1,48-32=16 20001212,41+25=66,3
1,48-32=16 20001220,1*5+7=12,14
1,48-32=16 20001222,4+2*6=16,1
1,48-32=16 20002210,1*8*9=72,6
1,48-32=16 20002211,49+12=61,1
1,48-32=16 20002220,4*5/2=10,8
1,48-32=16 20002222,4*2*2=16,2
1,48-32=16 20010101,4*76=304,5
1,48-32=16 20010102,4*94=376,3
1,48-32=16 20010110,4*35=140,5
1,48-32=16 20010111,4*36=144,6
1,48-32=16 20010112,4*34=136,2
1,48-32=16 20010201,4+5*6=34,12
1,48-32=16 20010202,4*3*3=36,2
1,48-32=16 20010210,44+13=57,13
1,48-32=16 20010211,43+17=60,10
1,48-32=16 20010212,4*1*9=36,5
1,48-32=16 20010221,4+3+6=13,2
1,48-32=16 20010222,4*3+4=16,5
1,48-32=16 20011110,4*3/12=1,7
1,48-32=16 20011120,43*5=215,1
1,48-32=16 20011210,42+11=53,4
1,48-32=16 20011211,41+23=64,5
1,48-32=16 20011220,4*1*3=12,12
1,48-32=16 20012200,4*3*2=24,4
1,48-32=16 20012201,43+22=65,1
1,48-32=16 20012210,41+12=53,3
1,48-32=16 20012220,4*3+2=14,3
1,48-32=16 20020100,45/3/3=5,2
1,48-32=16 20020110,47*3=141,3
1,48-32=16 20020200,90-33=57,15
1,48-32=16 20020202,40+36=76,3
1,48-32=16 20020210,41+33=74,6
1,48-32=16 20020211,41+36=77,2
1,48-32=16 20021101,4*63=252,1
1,48-32=16 20021200,42+35=77,4
1,48-32=16 20021210,41+31=72,2
1,48-32=16 20022202,44+32=76,1
1,48-32=16 20022210,41+32=73,1
1,48-32=16 20100100,40/5-4=4,9
1,48-32=16 20100101,40/4-6=4,2
1,48-32=16 20100110,6+95=101,25
1,48-32=16 20100111,1*30/6=5,11
1,48-32=16 20101100,44/4-2=9,9
1,48-32=16 20101102,40/5-2=6,1
1,48-32=16 20101110,3*97=291,17
1,48-32=16 20101111,4-12/6=2,2
1,48-32=16 20101112,42/6-1=6,1
1,48-32=16 20101201,4*6-4=20,2
1,48-32=16 20101220,4*4-4=12,4
1,48-32=16 20102100,4*9-27=9,4
1,48-32=16 20102110,4*7-21=7,2
1,48-32=16 20102201,4*6-2=22,1
1,48-32=16 20102220,4*4-2=14,2
1,48-32=16 20110100,40/4-3=7,7
1,48-32=16 20110110,1-9+13=5,9
1,48-32=16 20110201,4*9-6=30,1
1,48-32=16 20110210,4*9-1=35,2
1,48-32=16 20110220,4*5-3=17,6
1,48-32=16 20111101,42/6-3=4,2
1,48-32=16 20111211,4*6-1=23,2
1,48-32=16 20112100,4*7-23=5,2
1,48-32=16 20112111,4*6-21=3,2
1,48-32=16 20112200,4*9-2=34,1
1,48-32=16 20120102,45/3-9=6,1
1,48-32=16 20120110,4-13+9=0,1
1,48-32=16 20121100,42/3-5=9,3
1,48-32=16 20200100,20-7-9=4,13
1,48-32=16 20200101,45-6*6=9,8
1,48-32=16 20200111,46-5*9=1,3
1,48-32=16 20201102,42-4*9=6,3
1,48-32=16 20201200,5*94=470,14
1,48-32=16 20201201,46-24=22,2
1,48-32=16 20201202,46-20=26,1
1,48-32=16 20201210,12+17=29,16
1,48-32=16 20201211,101-96=5,8
1,48-32=16 20201220,12+17=29,11
1,48-32=16 20202200,1*10-3=7,4
1,48-32=16 20202220,41-22=19,1
1,48-32=16 20210101,43-6*6=7,3
1,48-32=16 20210111,43-6*7=1,2
1,48-32=16 20210210,19+51=70,21
1,48-32=16 20210212,1*1+9=10,3
1,48-32=16 20211220,42-23=19,6
1,48-32=16 20211221,43-26=17,1
1,48-32=16 20211222,43-27=16,1
1,48-32=16 20212200,45-22=23,1
1,48-32=16 20212210,12+13=25,7
1,48-32=16 20212211,46-12=34,1
1,48-32=16 20220221,1*9+6=15,6
1,48-32=16 20220222,1*1+9=10,3
1,48-32=16 20221221,46-34=12,1
1,48-32=16 20222220,1*5+7=12,6
1,48-32=16 20222221,46-32=14,1
1,48-32=16 21000100,400/80=5,8
1,48-32=16 21000102,408/68=6,2
1,48-32=16 21000111,4*16/8=8,6
1,48-32=16 21000112,4+16/8=6,3
1,48-32=16 21000200,20+75=95,31
1,48-32=16 21000202,1*8*6=48,5
2,48-32=16 21000202;1*8*6=48 00101210,46+40=86,1
2,48-32=16 21000202;1*8*6=48 00102210,40+46=86,1
2,48-32=16 21000202;1*8*6=48 00121210,4+9*8=76,1
2,48-32=16 21000202;1*8*6=48 00201211,448/8=56,1
2,48-32=16 21000202;1*8*6=48 00221210,4+8*9=76,1
1,48-32=16 21000210,41+18=59,18
1,48-32=16 21000211,41+46=87,6
1,48-32=16 21000212,41+45=86,2
1,48-32=16 21000220,1*8+9=17,7
1,48-32=16 21000222,4+4+8=16,2
1,48-32=16 21001111,4*42=168,8
1,48-32=16 21001112,4*12/8=6,2
1,48-32=16 21001120,4*28=112,1
1,48-32=16 21001200,50+48=98,17
1,48-32=16 21001201,4*62=248,16
1,48-32=16 21001210,1/8*72=9,8
1,48-32=16 21001211,416/8=52,7
1,48-32=16 21001222,4*2+8=16,2
1,48-32=16 21002110,4*7/28=1,1
1,48-32=16 21002200,1*10-3=7,5
1,48-32=16 21002201,4*8*2=64,5
1,48-32=16 21002220,4*4+2=18,4
1,48-32=16 21010101,4+36/9=8,6
1,48-32=16 21010102,4*84=336,5
1,48-32=16 21010110,4*37=148,2
1,48-32=16 21010200,15+73=88,17
1,48-32=16 21010201,4*8+6=38,5
1,48-32=16 21010202,4*7+8=36,8
1,48-32=16 21010220,4+1+8=13,4
1,48-32=16 21011100,5*48=240,13
1,48-32=16 21011102,42*8=336,1
1,48-32=16 21011110,4*32=128,7
1,48-32=16 21011120,4*78=312,1
1,48-32=16 21011200,1*2+8=10,8
1,48-32=16 21011201,43+25=68,3
1,48-32=16 21012200,4*8+2=34,3
1,48-32=16 21012210,41+42=83,1
1,48-32=16 21020200,29+45=74,16
1,48-32=16 21020201,100-6=94,7
1,48-32=16 21020210,17+59=76,8
1,48-32=16 21020211,45+36=81,2
1,48-32=16 21021100,4*83=332,1
1,48-32=16 21021210,42+39=81,1
1,48-32=16 21100100,40/5-8=0,2
1,48-32=16 21100111,4*6-16=8,4
1,48-32=16 21100112,4*6-18=6,3
1,48-32=16 21100220,4+8-1=11,2
1,48-32=16 21100221,4*6-6=18,1
1,48-32=16 21101100,40/4-2=8,3
1,48-32=16 21101110,4+8-10=2,10
1,48-32=16 21101111,4-16/8=2,1
1,48-32=16 21101200,1*9+8=17,6
1,48-32=16 21102100,10-9+7=8,7
1,48-32=16 21102102,4*8-26=6,1
1,48-32=16 21110100,44/4-3=8,2
1,48-32=16 21110210,4*8-1=31,1
1,48-32=16 21111100,4*8-32=0,5
1,48-32=16 21111200,4*8-3=29,2
1,48-32=16 21112200,4*8-2=30,1
1,48-32=16 21120100,45/3-7=8,2
1,48-32=16 21120110,4+13-8=9,2
1,48-32=16 21121101,42/3-6=8,1
1,48-32=16 21200101,44-6*6=8,1
1,48-32=16 21200111,49-6*8=1,2
1,48-32=16 21201100,42-5*8=2,2
1,48-32=16 21201210,1*9*8=72,9
1,48-32=16 21201211,44-16=28,2
1,48-32=16 21201212,44-18=26,1
1,48-32=16 21201221,44-26=18,2
1,48-32=16 21201222,44-28=16,1
1,48-32=16 21202220,40-22=18,1
1,48-32=16 21210100,43-5*7=8,4
1,48-32=16 21210210,49-11=38,2
1,48-32=16 21211210,41-13=28,4
1,48-32=16 21211220,41-23=18,4
1,48-32=16 22000101,480/60=8,3
1,48-32=16 22000102,480/80=6,1
1,48-32=16 22000110,48/8+1=7,1
1,48-32=16 22000111,48*1/6=8,8
1,48-32=16 22000112,48*1/8=6,5
1,48-32=16 22000201,48+46=94,4
1,48-32=16 22000211,48+17=65,5
1,48-32=16 22000212,48+18=66,1
1,48-32=16 22001100,48*5=240,2
1,48-32=16 22001102,48/2/4=6,2
1,48-32=16 22001110,48*4=192,1
1,48-32=16 22001201,48+20=68,2
1,48-32=16 22001202,48+28=76,1
1,48-32=16 22001211,48+14=62,2
1,48-32=16 22002211,48+12=60,1
1,48-32=16 22010100,48*8=384,4
1,48-32=16 22010102,48*7=336,1
1,48-32=16 22010210,48+43=91,1
1,48-32=16 22010211,48+13=61,2
1,48-32=16 22011200,48+25=73,1
1,48-32=16 22011210,48+23=71,1
1,48-32=16 22020200,48+35=83,4
1,48-32=16 22020201,48+36=84,1
1,48-32=16 22020202,48+38=86,1
1,48-32=16 22020210,48+31=79,2
1,48-32=16 22022200,48+32=80,1
1,48-32=16 22100100,1*11-4=7,4
1,48-32=16 22100102,48/4-6=6,1
1,48-32=16 22100110,48/8-1=5,2
1,48-32=16 22101100,48/8-2=4,2
1,48-32=16 22101101,48/6-6=2,1
1,48-32=16 22120100,48/3-7=9,3
1,48-32=16 22200100,48-5*8=8,2
1,48-32=16 22200102,48-6*7=6,2
1,48-32=16 22201210,48-21=27,3
1,48-32=16 22201220,48-29=19,1
1,48-32=16 22210100,48-5*9=3,2
1,48-32=16 22210210,1*2*5=10,7
1,48-32=16 22211200,48-23=25,2
1,48-32=16 22212212,48-12=36,1
1,48-32=16 22220220,1*2*5=10,7
1,48-32=16 22221221,48-36=12,1
1,48-32=16 22222222,48-32=16,1
